"# of Use","# de uso"
"%1$s incl tax.","%1$s incl impuestos."
"%s - %s","%s - %s"
"%s Item(s)","%s artículo(s)"
"%s and above","%s y arriba"
"%s-%s of %s","%s-%s de %s"
(%d),(%d)
"(Copy data from: %s)","(copiar datos de: %s)"
"* Required Fields","* campos requeridos"
"-- Please Select --","-- seleccione, por favor--"
"86400 by default, if not set. To refresh instantly, Clear the Blocks HTML Output Cache.","86400 por defecto, si no está ajustado. Refrescar instantaneamente. Limpiar los bloques de salida cache html."
"<strong style=""color:red"">Warning!</strong> Applying MAP by default will hide all product prices on the frontend.","¡advertencia! Aplicando map por defecto ocultará todos los precios de los productos en el front-end"
"A group with the same name already exists.","Ya existe un grupo con el mismo nombre"
"A name is required","Es requerido un nombre"
"A product type is not defined for the indexer.","El tipo de producto no está definido para el índice"
"ALL GROUPS","Todos los grupos"
AM,Am
Action,Acción
"Actual Price","Precio actual"
Add,Agregar
"Add Attribute","Agregar atributo"
"Add Design Change","Agregar cambio de diseño"
"Add Group","Agregar grupo"
"Add Group Price","Agregar precio de grupo"
"Add New","Agregar nuevo"
"Add New Attribute","Agregar nuevo atributo"
"Add New Attribute Set","Agregar nuevo conjunto de atributos"
"Add New Group","Agregar nuevo grupo"
"Add New Images","Agregar nuevas imágenes"
"Add New Option","Agregar nueva opción"
"Add New Row","Agregar nueva fila"
"Add New Search Term","Agregar nuevo término de búsqueda"
"Add New Set","Agregar nuevo conjunto"
"Add Product","Agregar producto"
"Add Product To Websites","Agregar producto a sitios web"
"Add Root Category","Agregar categoría raíz"
"Add Subcategory","Agregar subcategoría"
"Add Tax","Agregar impuestos"
"Add Tier","Agregar nivel"
"Add attribute into attribute set","Agregar atributo a conjunto de atributos"
"Add group into attribute set","Agregar grupo al conjuto de atributos"
"Add new custom option into product","Agregar nueva opción personalizada al producto"
"Add new values into custom option","Agregar nuevo valores en una opción personalizada"
"Add option","Agregar opcion"
"Add to Cart","Agregar al carrito"
"Add to Compare","Agregar a comparar"
"Add to Wishlist","Agregar a la lista de deseos"
"Additional Information","Información adicional"
"Alert Urls","Alertar urls"
All,Todos
"All Product Types","Todos los tipos de productos"
"All Websites","Todos los sitios web"
"All products","Todos los productos"
"All products - recently added products, New products - products marked as new","Todos los productos - productos recientemente añadidos, productos nuevos - productos marcados como nuevos"
"All products of this set will be deleted! Are you sure you want to delete this attribute set?","¡todos los productos del conjunto serán borrados! ¿está seguro que quiere borrar este conjunto de atributos?"
"Allow All Products per Page","Permitir todos los productos por página"
"Allow Dynamic Media URLs in Products and Categories","Permitir urls de medios dinámicos en productos y categorías"
"Allow HTML Tags on Frontend","Permitir etiquetas html en frontend"
"Allowed File Extensions","Permitir extenciones de archivos"
"Allowed file extensions to upload","Permitir extenciones de archivo para subida"
Amount,Cantidad
"An error occurred while adding products to websites.","Ocurrió un error mientras se agregaban productos a los sitios web"
"An error occurred while clearing comparison list.","Ocurrió un error mientras se limpiaba la lista de comparación"
"An error occurred while deleting this review.","Ocurrió un error mientras se borraban los comentarios"
"An error occurred while removing products from websites.","Ocurrió un error mientras se quitaban productos de los sitios web"
"An error occurred while saving the URL rewrite","Ocurrió un error mientras se guardaba la reescritura del url"
"An error occurred while saving the attribute set.","Ocurrió un error mientras se guardaba el conjunto de atributos"
"An error occurred while saving the collection, aborting. Error message: %s","Abortando, ocurrió un error mientras se guardaba la colección. Mensaje error: %s"
"An error occurred while saving the product.","Ocurrió un error mientras se guardaba el producto"
"An error occurred while saving the search query.","Ocurrió un error mientras se guardaba la consulta de búsqueda"
"An error occurred while saving this group.","Ocurrió un error mientras se guardaba este grupo"
"An error occurred while saving this review.","Ocurrió un error mientras se guardaba este comentario"
"An error occurred while trying to delete the category.","Ocurrió un error mientras se trataba de borrar la categoría"
"An error occurred while updating the product(s) attributes.","Ocurrió un error mientras se actualizaban los atributos de los productos"
"An error occurred while updating the product(s) status.","Ocurrió un error mientras se actualizaba el estado de los productos"
"An invalid group ID is specified, skipping the record.","Se especificó un id de grupo inválido, omitiendo el registro"
"An invalid option ID is specified for %s (%s), skipping the record.","Se especificó un id de opciones para %s (%s), omitiendo los registros"
"An invalid store was specified.","Fue especificada una tienda inválida"
"Anchor Custom Text","Anclar texto personalizado"
"Anchor Custom Title","Anclar título personalizado"
"Applicable to catalog products and categories only. Any media content will be inserted into editor as a static URL. It is not updated if the system configuration base URL changes.","Aplicable a catálogo productos and categorías unicamente.  Cualquier contenido multimedia se insertará en el editor como una URL estática. No se actualiza si la url base del sistema configuración cambia"
"Apply MAP (Default Value)","Apply map (defecto value)"
"Apply To","Apply a"
Approved,Aprobado
"Are you sure you want to delete this category?","¿Está seguro que quiere borrar esta categoría?"
"Are you sure you would like to remove all products from your comparison?","¿Está seguro que quiere quitar todos los productos de la comparación?"
"Are you sure you would like to remove this item from the compare products?","¿Está seguro que quiere quitar este artículo de los productos a comparar?"
"Are you sure?","¿Está seguro?"
"As low as:","Tan bajo como:"
Assign,Asignar
"Assign product link","Asignar enlace al producto"
"Assign product to category","Asignar producto a categoría"
"Assigned Products","Productos asignados"
"Associated Products","Productos asociados"
"Attrib. Set Name","Atributo ‘Establecer Nombre’"
"Attribute ""%s"" is invalid.","Atributo ""%s"" invalido."
"Attribute ""%s"" is required.","Atributo ""%s"" requerido."
"Attribute Information","Información de atributo"
"Attribute Model","Modelo de atributo"
"Attribute Name:","Nombre de atributo:"
"Attribute Set","Ajuste de atributo"
"Attribute Sets","Conjunto de atributos"
"Attribute add","Agregado de atributo"
"Attribute code is invalid. Please use only letters (a-z), numbers (0-9) or underscore(_) in this field, first character should be a letter.","El código de atributo es inválido. Utilice únicamente letras (a-z), números (0-9) o guión bajo (_) en este campo, el primer carácter debe ser una letra."
"Attribute group with the \""/name/\"" name already exists","El grupo de atributos con el nombre \ ""/ nombre / \"" ya existe"
"Attribute remove","Quitar atributo"
"Attribute with the same code already exists","El atributo con el mismo código ya existe"
Attributes,Atributos
"Attrribute names can be specified per store.","Los nombres de atributos pueden ser especificados por tienda."
Autogenerate,Autogenerar
Availability:,Disponibilidad:
Back,Atrás
"Backend Model","Modelo de back-end"
"Backend Table","Tabla de back-end"
"Backend Table Title","Título de tabla de back-end"
Backorders,"Pedido pendiente"
"Base Image Width","Ancho de la imagen base"
"Based On","Basado en"
"Before Order Confirmation","Antes de la confirmación del pedido"
"Best Value","Mejor valor"
"Block after Info Column","Bloque después de columna de información"
"Bottom Block Options Wrapper","Contenedor de opciones de bloque inferior"
Bottom/Left,AbajoIIzquierda
Bottom/Right,Abajo/derecha
"Browse By","Navegar por"
"Bundle Items","Artículos de paquetes"
"Buy %1$s","Compre %1$s"
"Buy %1$s for","Compre %1$s para"
"Buy %1$s for %2$s","Compre %1$s por %2 $s"
"Buy %1$s for %2$s (%3$s incl. tax) each","Compre %1$s por %2 $s (%3$s impuestos incluidos) cada uno"
"Buy %1$s for %2$s each","Compre %1$s por %2 $s cada uno"
"Cache Lifetime (Seconds)","Duración de caché (segundos)"
"Cache refresh needed.","Se necesita actualización de caché."
"Can be Divided into Multiple Boxes for Shipping","Se puede dividir en varias cajas para envío"
"Can be used only with catalog input type Dropdown","Se puede usar solo con el tipo de entrada de catálogo lista desplegable"
"Can be used only with catalog input type Dropdown, Multiple Select and Price","Se puede usar solo con el tipo de entrada de catálogo lista desplegable, selección múltiple y preccio"
"Can\'t create image.","No se puede crear imagen."
Cancel,Cancelar
"Cannot create image.","No se puede crear imagen"
"Cannot create writeable directory '%s'.","No se puede crear directorio modificable '% s'."
"Cart Item Attribute","Atributo de artículo de carro"
Catalog,Catalogo
"Catalog Category (Anchor)","Categoría de catálogo (anclado)"
"Catalog Category (Non-Anchor)","Categoría de catálogo (no anclado)"
"Catalog Category (Without Subcategories)","Categoría de catálogo (sin subcategorías)"
"Catalog Category Link","Enlace de Categoría de catálogo"
"Catalog New Products List","Lista de nuevos productos de catálogo"
"Catalog Price Scope","Alcance de precio de catálogo"
"Catalog Product Compare List","Lista de comparación de productos de catálogo"
"Catalog Product Email to a Friend","Enviar correo electrónico de productos de catálogo a un amigo"
"Catalog Product Image Gallery Popup","Ventana emergente de galería de imágenes de productos de catálogo"
"Catalog Product Link","Enlace de producto de catálogo"
"Catalog Product View (Any)","Vista de producto de catálogo (Cualquiera)"
"Catalog Product View (Configurable)","Vista del producto de catálogo (configurable)"
"Catalog Product View (Grouped)","Vista del producto de catálogo (agrupado)"
"Catalog Product View (Simple)","Vista de producto de catálogo (simple)"
"Catalog Product View (Virtual)","Vista de producto de catálogo (virtual)"
"Catalog Section","Sección del catálogo"
"Catalog Seo Sitemap (Category List)","Mapa de sitio de posicionador de catálogo (Lista de categorías)"
"Catalog Seo Sitemap (Category Tree)","Mapa de sitio de posicionador de catálogo (Árbol de categorías)"
"Catalog Seo Sitemap (Common)","Mapa de sitio de posicionador de catálogo (Común)"
"Catalog Seo Sitemap (Product List)","Mapa de sitio de posicionador de catálogo (Lista de productos)"
"Catalog URL Rewrites","Reescrituras de URL de catálogo"
"Catalog product custom option values API","API de valores de opciones personalizadas de productos de catálogo"
"Catalog product custom options API","API de opciones personalizadas de productos de catálogo"
"Catalog, Search","Catálogo, Búsqueda"
Categories,Categorías
"Categories Sitemap","Mapa de sitio de categorías"
Category,Categoría
"Category API","API de categorías"
"Category Data","Datos de categorías"
"Category Flat Data","Tablas de categorías"
"Category Link Block Template","Plantilla de bloque de enlace de categorías"
"Category Link Inline Template","Plantilla en línea de enlace de categorías"
"Category Products","Productos de categorías"
"Category Top Navigation","Navegador de cabezera de categorías"
"Category URL Suffix","Sufijo URL de categorías"
"Category attributes API","API de atributos de categorías"
"Category move error","Error de movimiento de categorías"
"Category move error %s","Error  %s de movimiento de categorías"
"Category move operation is not possible: parent category is equal to child category.","La operación de movimiento de categoría no es posible: la categoría superior es igual a la categoría inferior."
"Category move operation is not possible: the current category was not found.","La operación de movimiento de categoría no es posible: no se encontró la categoría actual."
"Category move operation is not possible: the new parent category was not found.","La operación de movimiento de categoría no es posible: no se encontró la nueva categoría superior."
"Category must be an instance of Mage_Catalog_Model_Category.","La categoría debe ser una instancia de Mage_Catalog_Model_Category."
Center,Centrar
Change,Cambiar
"Change or Retrieve attribute store view","Cambiar o recuperar la vista del almacén de atributos"
"Change status","Cambiar Estado"
"Check items to add to the cart or","Comprueba los productos para añadir al carro o"
"Choose an Option...","Escoge una opción..."
"Clear All","Limpiar todo"
"Clear Price","Precio claro"
"Click for price","Haga clic para ver el precio"
"Close Window","Cerrar ventana"
"Collapse All","Desplegar todo"
Comma-separated.,"Separado por comas."
Comparable,Comparable
"Comparable on Front-end","Comparable en Front-end"
"Comparable on the Frontend","Comparable en el Front-end"
Compare,Comparar
"Compare Products","Comparar productos"
"Conditions Combination","Combinación de condiciones"
"Configurable Product","Producto configurable"
"Configurable Product Settings","Configuración de producto configurable"
"Configure Product","Configurar producto"
Continue,Continuar
"Copy From Configurable","Copiar desde configurable"
Country/State,País/Estado
Create,Crear
"Create (Upload)","Crear (Subir)"
"Create Empty","Crear vacío"
"Create Permanent Redirect for URLs if URL Key Changed","Crear redireccionamiento permanente para URL si se cambia la clave de URL"
"Create Permanent Redirect for old URL","Crear redirección permanente para URL antigua"
"Create Product Settings","Crear configuración de producto"
"Create Simple Associated Product","Crear producto asociado simple"
"Create attribute set based on another set","Crear conjunto de atributos basado en otro conjunto"
"Create new attribute","Crear nuevo atributo"
"Create new category","Crear nueva categoría"
"Create new product","Crear nuevo producto"
Cross-sells,"Ventas cruzadas"
"Currently Shopping by:","Actualmente haciendo compras por:"
"Custom Design","Diseño personalizado"
"Custom Options","Opciones personalizadas"
"Custom options","Opciones personalizadas"
"Customer Group","grupo de clientes"
"Customers Reviews","comentarios de Clientes"
"Customers Tagged Product","Producto etiquetado de clientes"
"Data Type for Saving in Database","Tipo de datos para guardar en base de datos"
"Date & Time Custom Options","Opciones personalizadas de fecha y hora"
"Date Fields Order","Orden de campos de fecha"
"Date Subscribed","Fecha de Suscripción"
Datetime,"Fecha y hora"
Decimal,Decimal
"Declare attribute value saving scope","Declarar valor de atributo guardando alcance"
"Default ""What's This"" Text Message","Mensaje de texto predeterminado ""¿Qué es esto?"""
"Default Popup Text Message","Mensaje de texto emergente predeterminado"
"Default Price","Precio predeterminado"
"Default Price Navigation Step","Precio predeterminado Paso de navegación"
"Default Qty","Cantidad predeterminada"
"Default Values","Valores predeterminados"
"Defines the base currency scope (""Currency Setup"" > ""Currency Options"" > ""Base Currency"").","Define el alcance de moneda base (""Configuración de moneda""> ""Opciones de moneda""> ""Moneda base"")."
Delete,Borrar
"Delete Attribute","Borrar atributo"
"Delete Attribute Set","Borrar conjunto de atributos"
"Delete Category","Borrar categoría"
"Delete Group Price","Borrar precio de grupo"
"Delete Option","Borrar opción"
"Delete Row","Borrar fila"
"Delete Search","Borrar búsqueda"
"Delete Selected Group","Borrar grupo seleccionado"
"Delete Tier","Borrar nivel"
"Delete attribute","Borrar atributo"
"Delete category","Borrar categoría"
"Delete product","Borrar producto"
"Depends on design theme","Depende del tema de diseño"
Description,Descripción
Design,Diseño
Details,Detalles
Disabled,Deshabilitado
"Disallowed file type.","Tipo de archivo no permitido."
"Disalollowed file format.","Formato de archivo no seguido."
"Display Actual Price","Mostrar el precio actual"
"Display Page Control","Mostrar control de página"
"Display Price Interval as One Price","Mostrar intervalo de precios como un precio"
"Display Product Count","Mostrar recuento de productos"
"Display Type","Tipo de visualización"
"Display in Suggested Terms","Mostrar en términos sugeridos"
"Double click on a group to rename it","Doble clic en un grupo para renombrarlo"
"Double click on above image to view full picture","Doble clic encima de la imagen para ver la imagen completa"
"Downloadable Information","Información descargable"
Duplicate,Duplicar
"Duplicate amount found.","Duplicar cantidad encontrada"
"Duplicate website group price customer group.","Duplicar el grupo de clientes del precio del grupo de sitios web."
"Duplicate website tier price customer group and quantity.","Duplicar grupo de clientes de precio de nivel de sitio web y cantidad."
"Duplicate website, country and state tax found.","Duplicar impuestos encontrados de sitio web, país y estado."
"E.g. {{media url=""path/to/image.jpg""}} {{skin url=""path/to/picture.gif""}}. Dynamic directives parsing impacts catalog performance.","P.ej. {{media url = ""ruta / a / imagen.jpg""}} {{url skin = ""ruta / a / imagen.gif""}}. El análisis de directivas dinámicas impacta el rendimiento del catálogo."
Edit,Editar
"Edit Attribute Set '%s'","Editar conjunto '%s' de atributos"
"Edit Product Attribute","Editar atributo de producto"
"Edit Product Attribute ""%s""","Editar atributo'%s' de producto"
"Edit Search","Editar búsqueda"
"Edit Search '%s'","Editar la búsqueda '%s'"
"Edit Set Name","Editar nombre de conjunto"
Email,"Correo electrónico"
"Email to a Friend","Enviar un correo electronico a un amigo"
Empty,Vaciar
"Enable MAP","Habilitar MAP"
"Enable Qty Increments","Habilitar incremento de cantidades"
"Enable WYSIWYG","Habilitar WYSIWYG"
"Enable for reindexing a big number of SKUs.","Habilitar para reindexar una gran cantidad de SKU."
Enabled,Habilitado
"Error during retrieval of option value: %s","Error durante la recuperación del valor'%s' de la opción"
Exclude,Excluir
"Expand All","Expandir todo"
Failed,Falló
"Failed to copy file %s. Please, delete media with non-existing images and try again.","Error al copiar el archivo %s. Por favor, elimine los medios con imágenes no existentes y vuelva a intentarlo."
"Failed to move file: %s","Error al mover el archivo: %s"
"Feature Products","Productos destacados"
"Field is not complete","El campo no está completo"
"File options format is not valid.","El formato de las opciones de archivo no es válido."
"File upload failed","Carga de archivo fallida"
Filter,Filtrar
"Filter model name must be declared.","El nombre del modelo de filtro debe ser declarado."
"Filter must be an object. Please set correct filter.","El filtro debe ser un objeto. Por favor, configure el filtro correcto."
"Filterable (no results)","Filtrable (sin resultados)"
"Filterable (with results)","Filtrable (con resultados)"
"First Name",Nombre
Fixed,Fijo
"For internal use.","Para uso interno."
"For the last time placed.","Por última vez colocado."
Frontend,Front-end
"Frontend Model","Modelo de front-end"
"Frontend Properties","Propiedades de front-end"
Gallery,Galería
"General Information","Información general"
"Get full information about attribute with list of options","Obtenga información completa sobre el atributo con una lista de opciones"
"Get full information about custom option in product","Obtenga información completa sobre la opción personalizada en el producto"
"Get list of available custom option types","Obtener una lista de tipos de opciones personalizadas disponibles"
"Get list of non-default attributes by product type and attributes set","Obtener una lista de atributos no predeterminados por tipo de producto y conjunto de atributos"
"Get list of possible attribute types","Obtener una lista de posibles tipos de atributos"
"Get special price","Obtener precio especial"
Global,Global
"Globally Editable","Globalmente editable"
"Go to Home Page","Ir a la página de inicio"
Grid,Cuadrícula
"Group add","Agregar grupo"
"Group remove","Remover grupo"
"Grouped Product","Producto agrupado"
Groups,Grupos
Home,Home
ID,ID
"ID: %s","ID: %s"
"If empty, the Category Name will be used","Si está vacío, se usará el nombre de categoría"
"If empty, the Product Name will be used","Si está vacío, se usará el nombre de producto"
"If you do not specify an option value for a specific store view then the default (Admin) value will be used.","Si no especifica un valor de opción para una vista de tienda específica, se usará el valor predeterminado (Administrador)."
Image,Imagen
"Image content is not valid base64 data.","El contenido de la imagen no es válido para los datos de base64."
"Image does not exist.","La imagen no existe."
"Image file was not found.","El archivo de imagen no fue encontrado"
"Image type and information need to be specified for each store view.","El tipo de imagen y la información deben especificarse para cada vista de tienda."
"In Cart","En el carrito"
"In Stock","En stock"
"In stock","En stock"
"Incl. Tax","Impuesto incluido"
"Index product and categories URL rewrites","Reescrituras de URL de los indices de productos y categorías"
"Index product attributes for layered navigation building","Atributos del producto de índice para la construcción de navegación en capas"
"Index product prices","Precios de productos de índice"
"Indexed category/products association","Categoría indexada / asociación de productos"
Info,Información
"Info Column Options Wrapper","Contenedor de opciones de columna de información"
"Input Type","Tipo de entrada"
Integer,Entero
"Interval Division Limit","Límite de división de intervalo"
"Invalid Tier Prices","Precios de niveles inválidos"
"Invalid attribute %s","Atributo %s inválido"
"Invalid attribute option specified for attribute %s (%s), skipping the record.","Opción de atributo inválido especificado para el atributo% s (% s), omitiendo el registro."
"Invalid attribute set specified, skipping the record.","Conjunto de atributos inválido especificado, omitiendo el registro."
"Invalid block: %s.","Bloque inválido: %s."
"Invalid category IDs.","IDs de categoría inválidas"
"Invalid category.","Categoría inválida"
"Invalid image file type.","Tipo de archivo de imagen no válido."
"Invalid image type.","Tipo de imagen inválido"
"Invalid option ID specified for %s (%s), skipping the record.","ID de opción no válida especificada para %s (%s), omitiendo el registro."
"Invalid product type specified, skipping the record.","Tipo de producto no válido especificado, omitiendo el registro."
"Invalid store specified","Tienda inválida especificada"
"Invalid store specified, skipping the record.","Tienda inválida especificada, omitiendo el registro."
"Invalid tier prices. The product is not associated to the requested website.","Precios de nivel no válidos. El producto no está asociado al sitio web solicitado."
Inventory,Inventario
"Is Default","Es predeterminado"
"Is Required","Es requerido"
"Items %s to %s of %s total","Elementos %s a %s de% s total"
"Items that you do not want to show in the catalog or search results should have status 'Disabled' in the desired store.","Los elementos que no desea mostrar en el catálogo o en los resultados de búsqueda deben tener el estado 'Desactivado' en la tienda deseada."
"Items that you don't want to show in the catalog or search results should have status 'Disabled' in the desired store.","Los elementos que no desea mostrar en el catálogo o en los resultados de búsqueda deben tener el estado 'Desactivado' en la tienda deseada."
"Keep your eyes open for our special Back to School items and save A LOT!","¡Mantenga sus ojos abiertos para nuestros artículos especiales de Regreso a Clases y ahorre MUCHO!"
Label,Etiqueta
"Last Name",Apellido
"Last Notification","Última notificación"
"Layered Navigation","Navegación en capas"
"Learn More","Aprende más"
"Line %d, Email: %s","Línea %d, Correo electrónico: %s"
"Line %d, SKU: %s","Línea %d, SKU: %s"
"Link (Related, Up sell, Cross sell)","Enlace (relacionado, venta ascendente, venta cruzada)"
"Link product does not exist.","El producto del enlace no existe."
"Link to a Specified Category","Enlace a una categoría especificada"
"Link to a Specified Product","Enlace a un Producto Especificado"
List,Lista
"List Mode","Modo de lista"
"List of Products that are set as New","Lista de productos que están configurados como nuevos"
"List of types","Lista de tipos"
"Manage Attribute Sets","Administrar conjuntos de atributos"
"Manage Attributes","Administrar atributos"
"Manage Catalog Categories","Administrar categorías de catálogo"
"Manage Categories","Administrar categorías"
"Manage Label / Options","Administrar etiqueta / opciones"
"Manage Options (values of your attribute)","Administrar opciones (valores de tu atributo)"
"Manage Product Attributes","Administrar atributos del producto"
"Manage Product Sets","Administrar conjuntos de productos"
"Manage Products","Administrar productos"
"Manage Stock","Administrar Stock"
"Manage Titles (Size, Color, etc.)","Administrar títulos (tamaño, color, etc.)"
"Max Characters","Máximo de Caracteres"
"Maximal Depth","Profundidad máxima"
"Maximum Image Size","Tamaño máximo de la imagen"
"Maximum Number of Price Intervals","Número máximo de intervalos de precios"
"Maximum Qty Allowed in Shopping Cart","Cantidad máxima permitida en el carrito de la compra"
"Maximum allowed image size for '%s' is %sx%s px.","El tamaño de imagen máximo permitido para '%s' es% %sx%s pixeles."
"Maximum image height","Altura máxima de la imagen"
"Maximum image width","Ancho máximo de la imagen"
"Maximum number of characters:","Número máximo de caracteres:"
"Maximum number of price intervals is 100","El número máximo de intervalos de precios es 100"
"Maximum resolution for upload image","Resolución máxima para la imagen de carga"
"Maximum width and height dimension for upload image is %s.","La dimensión máxima de ancho y alto para cargar imágenes es%s."
"Maximum width and height resolutions for upload image","Resoluciones de ancho y altura máximas para subir imágenes"
"Maximum width base product image will be scaled down to in pixels","La imagen del producto base de ancho máximo se reducirá a en píxeles"
"Maximum width small product image will be scaled down to in pixels","La imagen del producto pequeño de ancho máximo se reducirá a en píxeles"
"Media Image","Imagen de medios"
"Middle Name","Segundo nombre"
"Minimum Advertised Price","Precio mínimo anunciado"
"Minimum Lines per Page","Líneas mínimas por página"
"Minimum Qty Allowed in Shopping Cart","Cantidad mínima permitida en el carrito de la compra"
"Minimum Qty for Item\'s Status to be Out of Stock","Cantidad mínima para que el estado de artículo/s fuera de stock"
"Missing SKU, skipping the record.","Falta SKU, omitiendo el registro."
"More Views","Más vistas"
Move,Mver
"Move category in tree","Mover categoría en árbol"
"Multi update product","Producto de actualización múltiple"
"Must be in the allowed values list.","Debe estar en la lista de valores permitidos."
"My Account","Mi cuenta"
N/A,"No disponible"
Name,Nombre
"Name in %s","Nombre en %s"
"New Product","Nuevo producto"
"New Product Attribute","Nuevo atributo de producto"
"New Products","Nuevos productos"
"New Products Grid Template","Nueva plantilla de cuadrícula de productos"
"New Products List Template","Nueva plantilla de lista de productos"
"New Root Category","Nueva categoría raíz"
"New Search","Nueva búsqueda"
"New Set Name","Nuevo nombre de conjunto"
"New Subcategory","Nueva subcategoría"
"New products","Nuevos productos"
Next,Siguiente
No,No
"No image","Sin imágen"
"No layout updates","Sin actualizaciones de diseño"
"No options of this product are available.","No hay opciones disponibles para este producto."
"No product collections found.","No se encontraron colecciones de productos."
None,Ninguna
"Not Visible Individually","No visible individualmente"
"Notify Low Stock RSS","RSS de notifación de bajo stock"
"Notify for Quantity Below","Notifique la cantidad a continuación"
"Number of Products per Page","Cantidad de productos por página"
"Number of Products to Display","Número de productos para mostrar"
"Number of Uses","Número de usos"
"Number of results","Cantidad de resultados"
"Number of results (For the last time placed)","Número de resultados (por última vez)"
OK,OK
OR,O
"Old Price:","Precio anterior:"
"On Gesture","En gesto"
"Option validation failed to add product to cart.","La validación de opción no pudo agregar producto al carrito."
"Option values","Valores de opción"
Option:,Opción:
Options,Opciones
"Options Control","Control de opciones"
"Options is required","Se requieren opciones"
"Our customer service is available 24/7. Call us at (555) 555-0123.","Nuestro servicio de atención al cliente está disponible todos los días, las 24 horas. Llámenos al (555) 555-0123."
"Out of Stock",Agotado
"Out of stock",Agotado
PM,PM
"Page Title Separator","Separador de título de página"
"Parent Category","Categoría principal"
Pending,Pendiente
"Pending Reviews RSS","RSS de comentarios pendientes"
Percentage,Porcentaje
"Please add rows to option.","Por favor agregue filas a la opción."
"Please be careful as once you click on the row it will load package data form the selected file and all unsaved form data will be lost.","Tenga cuidado ya que una vez que hace clic en la fila, cargará los datos del paquete del archivo seleccionado y se perderán todos los datos del formulario no guardado."
"Please click on the Close Window button if it is not closed automatically.","Haga clic en el botón Cerrar ventana si no se cierra automáticamente."
"Please enter a new group name","Por favor, introduzca un nuevo nombre de grupo"
"Please refresh ""Catalog URL Rewrites"" and ""Product Attributes"" in System -&gt; <a href=""%s"">Index Management</a>","Actualice ""Reescrituras de URL de catálogo"" y ""Atributos de producto"" en Sistema - & gt; <a href=""%s"">Gestión de índices</a>"
"Please refresh ""Product Attributes"" in System -&gt; <a href=""%s"">Index Management</a>","Por favor, actualice ""Atributos del producto"" en Sistema - & gt; <a href=""%s""> Gestión de índices </a>"
"Please select a static block ...","Por favor, seleccione un bloque estático ..."
"Please select items.","Por favor seleccione los artículos."
"Please select one or more attributes.","Por favor, seleccione uno o más atributos."
"Please select product(s).","Por favor seleccione producto(s)"
"Please select products for attributes update","Por favor seleccione productos para actualización de atributos"
"Please set up merge date/time","Configura la fecha/hora de fusión"
"Please set up merge date/time later then present date","Configure la fecha/hora de fusión luego que la fecha actual"
"Please specify date required option(s).","Por favor, especifique la(s) opción(es) requerida(s)."
"Please specify the number of products, that will not be divided into subintervals.","Por favor, especifique la cantidad de productos que no se dividirán en subintervalos."
"Please specify the product required option(s)","Por favor especifique las opciones requeridas por el producto"
"Please specify the product required option(s).","Por favor especifique la(s) opción(es) requerida(s) del producto."
"Please specify the product\'s option(s).","Por favor especifique la(s) opción(es) del producto."
"Please specify the product\'s required option(s).","Por favor especifique la(s) opción(es) requerida(s) del producto."
"Please specify the quantity of product(s).","Por favor, especifique la cantidad de producto(s)."
"Please specify time required option(s).","Por favor, especifique la(s) opción(es) de tiempo requerido."
"Please wait...","Por favor, espere..."
Position,Posición
"Position in Layered Navigation","Posición en la Navegación en capas"
"Position of attribute in layered navigation block","Posición de atributo en el bloque de navegación en capas"
Prev,Anterior
Previous,Anterior
Price,Precio
"Price Navigation Step Calculation","Cálculo de paso de navegación de precios"
"Price Type","Tipo de precio"
"Price is not available","El precio no está disponible"
"Price values for options should be specified in system base currency.","Los valores de precio para opciones se deban especificar en la moneda base del sistema."
Price:,Precio:
"Price: %s","Precio: %s"
"Print This Page","Imprimir esta página"
Product,Producto
"Product API","API de producto"
"Product Alerts","Alertas de productos"
"Product Attribute","Atributo de producto"
"Product Attributes","Atributos de producto"
"Product Categories","Categorías de Producto"
"Product Description","Descripción de producto"
"Product Extra Info","Información adicional de producto"
"Product Flat Data","Datos planos de producto"
"Product ID","ID de Producto"
"Product Image","Imagen de producto"
"Product Image Placeholders","Marcadores de posición de imagen de producto"
"Product Image Watermarks","Imagen de marcas de agua de producto"
"Product Images","Imágenes de producto"
"Product Images API","API de imágenes de producto"
"Product In Websites","Producto en sitios web"
"Product Info Column","Columna de información del producto"
"Product Information","Información del Producto"
"Product Link Block Template","Plantilla de bloque de enlace de producto"
"Product Link Inline Template","Plantilla en línea de Product Link"
"Product Listing Sort by","Listado de productos Ordenar por"
"Product Name","Nombre de producto"
"Product Prices","Precios de producto"
"Product Reviews","Reseñas de productos"
"Product Tags","Etiquetas de productos"
"Product Tier Price API","API de precio de nivel de producto"
"Product Type","tipo de producto"
"Product URL Suffix","Sufijo de URL de producto"
"Product View Extra Hint","Pista extra de Vista del producto"
"Product attribute sets API","API de conjunto de atributos de productos"
"Product attributes API","API de atributos de producto"
"Product collection expected.","Colección de productos esperada"
"Product is not loaded","El producto no está cargado"
"Product links API (related, cross sells, up sells)","API de enlaces de productos (relacionados, ventas cruzadas, ventas superiores)"
"Product types API","Tipo de producto API"
"Product with this combination of attributes already associated to configurable.","Producto con esta combinación de atributos ya asociada a configurable."
Products,Productos
"Products Comparison List","Lista de comparación de productos"
"Products Information","Información de productos"
"Products Reviews","Reseñas de productos"
"Products Sitemap","Mapa de sitio de productos"
"Products only","Solo productos"
"Products per Page on Grid Allowed Values","Productos por página en Valores de cuadrícula permitida"
"Products per Page on Grid Default Value","Productos por página en valor de cuadrícula por defecto"
"Products per Page on List Allowed Values","Productos por página en valores de lista permitida"
"Products per Page on List Default Value","Productos por página en valor de lista por defecto"
Properties,Propiedades
Qty,Cantidad
"Qty Increments","Incrementos de cantidades"
"Qty Uses Decimals","Cantidad usa decimales"
"Qty for Item\'s Status to Become Out of Stock","Cantidad de estado de artículo/s que se agotará"
Qty:,Cantidad:
Quantity,Cantidad
"Quick Create","Crear rápido"
"Quick Overview","vista rápida"
"Quick simple product creation","Creación rápida y sencilla de productos"
"Records for ""%s"" store found.","Se encontraron registros para la tienda ""%s""."
Redirect,Redirigir
"Redirect URL","Redireccionar URL"
"Regular Price:","Precio regular:"
"Related Products","Productos relacionados"
Remove,Eliminar
"Remove Product From Websites","Eliminar producto de sitios web"
"Remove This Item","Eliminar este elemento"
"Remove attribute from attribute set","Eliminar atributo de conjunto de atributos"
"Remove attribute set","Eliminar conjunto de atributos"
"Remove custom option","Eliminar la opción personalizada"
"Remove group from attribute set","Eliminar grupo del conjunto de atributos"
"Remove option","Eliminar opción"
"Remove product assignment","Eliminar asignación de producto"
"Remove product image","Eliminar imagen de producto"
"Remove product link","Eliminar enlace de producto"
"Remove value from custom option","Eliminar valor de opción personalizada"
"Rename existing group","Cambiar nombre de grupo existente"
"Rename group","Renombrar grupo"
"Reorganize EAV category structure to flat structure","Reorganizar estructura de categoría EAV a estructura plana"
"Reorganize EAV product structure to flat structure","Reorganizar estructura de producto EAV en una estructura plana"
Reset,Reiniciar
Results,Resultados
"Results per page","resultados por página"
"Retrieve attribute data","Recuperar datos de atributos"
"Retrieve attribute list","Recuperar lista de atributos"
"Retrieve attribute options","Recuperar opciones de atributo"
"Retrieve categories tree","Recuperar el árbol de categorías"
"Retrieve category attributes","Recuperar atributos de categoría"
"Retrieve category data","Recuperar datos de categoría"
"Retrieve hierarchical tree","Recuperar árbol jerárquico"
"Retrieve linked products","Recuperar productos vinculados"
"Retrieve list of assigned products","Recuperar lista de productos asignados"
"Retrieve list of option values","Recuperar lista de valores de opciones"
"Retrieve list of product custom options","Recuperar lista de opciones personalizadas de producto"
"Retrieve one level of categories by website/store view/parent category","Recuperar un nivel de categorías por sitio web/vista de tienda/categoría principal"
"Retrieve option value info","Recuperar información de valor de opción"
"Retrieve product","Recuperar producto"
"Retrieve product attribute sets","Recuperar conjuntos de atributos del producto"
"Retrieve product image","Recuperar imagen del producto"
"Retrieve product image list","Recuperar la lista de imágenes del producto"
"Retrieve product image types","Recuperar tipos de imágenes de productos"
"Retrieve product link type attributes","Recuperar atributos de tipo de enlace de producto"
"Retrieve product link types","Recuperar tipos de enlaces de productos"
"Retrieve product tier prices","Recuperar precios de nivel de producto"
"Retrieve product types","Recuperar tipos de productos"
"Retrieve products data","Recuperar datos de productos"
"Retrieve products list by filters","Recuperar lista de productos por filtros"
Reviews,Comentarios
"Roll Over for preview","Pasar por la vista previa"
Root,Raíz
SKU,SKU
"SKU length should be %s characters maximum.","La longitud del SKU debe ser de% s caracteres como máximo."
Save,Salvar
"Save Attribute","Guardar atributo"
"Save Attribute Set","Guardar conjunto de atributos"
"Save Category","Guardar categoría"
"Save Search","Guardar búsqueda"
"Save and Continue Edit","Guardar y continuar Edición"
"Saved %d record(s)","Guardado %d registro(s)"
Scope,Alcance
"Scope must not be changed, because the attribute is used in configurable products.","El alcance no debe modificarse, ya que el atributo se usa en productos configurables."
Search,Buscar
"Search Engine Optimizations","Optimizaciones de motores de búsqueda"
"Search Information","Información de búsqueda"
"Search Query","Consulta de busqueda"
"Search Term with such search query already exists.","El término de búsqueda con esa consulta de búsqueda ya existe."
"Search Weight","Buscar peso"
Searchable,Buscable
"See price before order confirmation.","Ver precio antes de confirmación depedido."
"Select Category...","Seleccionar categoría..."
"Select Configurable Attributes","Seleccionar atributos configurables"
"Select Product...","Seleccionar producto..."
"Select type of option","Seleccionar  tipo de opción"
"Select type options required values rows.","Seleccione las opciones de tipo de filas de valores requeridos."
"Selected Product Types","Tipos de productos seleccionados"
"Send Count","Enviar conteo"
"Set Ascending Direction","Establecer dirección ascendente"
"Set Descending Direction","Establecer dirección descendente"
"Set Name","Establecer nombre"
"Set Root Category for Store","Establecer categoría raíz para tienda"
"Set root category for this store in the <a href=""%s"">configuration</a>","Establecer categoría raíz para esta tienda en la <a href=""%s""> configuración </a>"
"Set special price","Establecer precio especial"
"Set/Get current store view","Establecer/Obtener vista actual de la tienda"
Settings,Configuraciones
"Share Facebook","Compartir Facebook"
"Share on Facebook","Compartir en Facebook"
"Share on Twitter","Compartir en Twitter"
"Shop By","Comprar por"
"Shopping Options","Opciones de compra"
Show,Mostrar
"Show Details","Mostrar detalles"
"Show Tags","Mostrar etiquetas"
"Simple Product","Producto simple"
"Site Map","Mapa de sitio"
Sitemap,"Mapa de sitio"
"Skip import row, is not valid value ""%s"" for field ""%s""","Omitir importar fila, no es el valor válido ""%s"" para el campo ""%s"""
"Skip import row, required field ""%s"" for the new customer is not defined.","Omitir importar fila, el campo obligatorio ""%s"" para el nuevo cliente no está definido."
"Skip import row, the value ""%s"" is invalid for field ""%s""","Omitir importar fila, el valor ""%s"" no es válido para el campo ""%s"""
"Skipping import row, required field ""%s"" for new products is not defined.","Omitiendo importar fila, el campo obligatorio ""%s"" para productos nuevos no está definido."
"Skipping import row, required field ""%s"" is not defined.","Omitiendo importar fila,  el campo obligatorio ""% s"" no está definido."
"Skipping import row, store ""%s"" field does not exist.","Omitiendo importar fila,  el campo ""% s"" de la tienda no existe."
"Skipping import row, the value ""%s"" is not valid for the ""%s"" field.","Omitiendo importar fila, el valor ""%s"" no es válido para el campo ""%s""."
"Small Image Width","Ancho de imagen pequeña"
"Some of the processed products have no SKU value defined. Please fill it prior to performing operations on these products.","Algunos de los productos procesados no tienen definido el valor de SKU. Por favor, llénelo antes de realizar operaciones en estos productos."
"Some of the selected item options are not currently available.","Algunas de las opciones de elementos seleccionados no están disponibles actualmente."
"Sort By","Ordenar por"
"Sort Order","Orden de clasificación"
"Source Model","Modelo de fuente"
"Special Expires On: %s","Especial expira el: %s"
"Special Price:","Precio especial:"
"Special Price: %s","Precios especial: %s"
"Starting at:","A partir de:"
Static,Estático
"Static block and products","Bloque estático y productos"
"Static block only","Solo bloque estático"
Status,Estado
"Stock Availability","Disponibilidad de stock"
Store,Almacenar
"Store View","Vista de la tienda"
Stretch,Tramo
"Subscribe to RSS Feed","Suscribirse a la fuente RSS"
"Super product attributes configuration","Configuración de atributos de super producto"
"Synonym For","Sinónimo de"
"System Properties","Propiedades del sistema"
"Tag Name","Nombre de etiqueta"
Tax,Impuesto
Template,Modelo
Text,Texto
"The Flat Catalog module has a limit of %2\$d filterable and/or sortable attributes. Currently there are %1\$d of them. Please reduce the number of filterable/sortable attributes in order to use this module","El módulo de catálogo plano tiene un límite de %2\$d atributos filtrables y/o ordenables. Actualmente hay %1\$ d de ellos. Reduzca el número de atributos filtrables / clasificables para usar este módulo"
"The From Date value should be less than or equal to the To Date value.","El valor 'desde' debe ser menor o igual que el valor 'hasta'."
"The attribute code \'%s\' is reserved by system. Please try another attribute code","El código de atributo \'%s\' está reservado por el sistema. Por favor, pruebe con otro código de atributo"
"The attribute model is not defined","El modelo de atributo no está definido"
"The attribute set has been saved.","El conjunto de atributos se ha guardado."
"The base directory to upload file is not specified.","El directorio base para cargar el archivo no está especificado."
"The category has been deleted.","La categoría ha sido eliminada."
"The category has been saved.","La categoría ha sido guardada."
"The comparison list was cleared.","La lista de comparación fue borrada."
"The file '%s' for '%s' has an invalid extension","El archivo '%s' para '%s' tiene una extensión no válida"
"The file '%s' you uploaded is larger than %s Megabytes allowed by server","El archivo '%s' que cargó es más grande que %s Megabytes permitido por el servidor"
"The file you uploaded is larger than %s Megabytes allowed by server","El archivo que cargó es más grande que %s Megabytes permitido por el servidor"
"The filters must be an array.","Los filtros deben ser un colección."
"The image contents is not valid base64 data.","El contenido de la imagen no es válido para los datos de base64."
"The image is not specified.","La imagen no está especificada"
"The model collection resource name is not defined.","El nombre del recurso de la colección modelo no está definido."
"The product %s has been added to comparison list.","El producto %s se ha agregado a la lista de comparación."
"The product %s has been removed from comparison list.","El producto %s ha sido eliminado de la lista de comparación."
"The product attribute has been deleted.","El atributo de producto ha sido eliminado."
"The product attribute has been saved.","El atributo de producto ha sido guardado."
"The product has been created.","El producto ha sido creado."
"The product has been deleted.","El producto ha sido eliminado."
"The product has been duplicated.","El producto ha sido duplicado."
"The product has been saved.","El producto ha sido guardado."
"The product has required options","El producto tiene opciones requeridas"
"The review has been deleted","La revisión ha sido eliminada"
"The review has been saved.","La revisión ha sido guardada."
"The review was removed by another user or does not exist.","La revisión fue eliminada por otro usuario o no existe."
"The search was deleted.","La búsqueda fue eliminada."
"The text is too long","El texto es demasiado largo"
"There are no %s available.","No hay %s disponibles."
"There are no customers for this alert","No hay clientes para esta alerta"
"There are no customers for this alert.","No hay clientes para esta alerta."
"There are no products matching the selection.","No hay productos que coincidan con la selección."
"There was an error while request processing.","Hubo un error al solicitar el procesamiento."
"This Attribute no longer exists","Este atributo ya no existe"
"This attribute cannot be deleted.","Este atributo no puede ser eliminado."
"This attribute cannot be edited.","Este atributo no puede ser editado."
"This attribute cannot be updated.","Este atributo no se puede actualizar."
"This attribute is used in configurable products.","Este atributo se usa en productos configurables."
"This attribute is used in configurable products. You cannot remove it from the attribute set.","Este atributo se usa en productos configurables. No puede eliminarlo del conjunto de atributos."
"This attribute no longer exists","Este atributo ya no existe"
"This attribute set no longer exists.","Este conjunto de atributos ya no existe."
"This group contains attributes, used in configurable products. Please move these attributes to another group and try again.","Este grupo contiene atributos, utilizados en productos configurables. Mueva estos atributos a otro grupo y vuelva a intentarlo."
"This group contains system attributes. Please move system attributes to another group and try again.","Este grupo contiene atributos de sistema. Mueva los atributos de sistema a otro grupo y vuelva a intentarlo."
"This is a required option","esta es una opción requerida."
"This product no longer exists.","Este producto ya no existe."
"This search no longer exists.","Esta búsqueda ya no existe."
"This setting will be applied when all prices in the specific price interval are equal.","Esta configuración se aplicará cuando todos los precios en el intervalo de precio específico sean iguales."
"Tier Pricing","Precios de nivel"
Tile,Cubrir
"Time Format","Formato de horario"
Title,Título
"To reindex the enabled product(s), the store or product must be specified","Para reindexar productos) habilitados, se debe especificar la tienda o el producto."
"To see product price, add this item to your cart. You can always remove it later.","Para ver el precio del producto, agregue este artículo a su carrito. Puedes borrarlo después."
Top/Left,Arriba/izquierda
Top/Right,Arriba/derecha
"Total Qty Base Items","Cantidad total de elementos base"
"Total Qty Content Items","Cantidad total de elementos de contenido"
"Total incl. Tax: %1$s","Total incl. Impuesto: %1$s"
"Total of %d record(s) have been deleted.","Total de %d registro (s) se han eliminado."
"Total of %d record(s) have been updated.","Total de %d registro (s) se han actualizado."
"Total of %d record(s) were updated","Total de %d registro (s) actualizado"
Type,Tipo
"URL Rewrite Management","Gestión de reescritura de URL"
"Unable to complete this request.","No se puede completar esta solicitud."
"Unable to find a search term to delete.","No se puede encontrar un término de búsqueda para eliminar."
"Unable to find an attribute to delete.","No se puede encontrar un atributo para eliminar."
"Unable to get the product ID.","No se puede obtener el ID de producto."
"Unassigned Attributes","Atributos no asignados"
"Unknown EAV indexer type ""%s"".","Tipo desconocido de EAV  ""% s""."
"Unknown attribute: %s.","Atributo desconocido: %s."
"Unsupported product type ""%s"".","Tipo de producto no compatible ""%s""."
Up-sells,"Ventas adicionales"
Update,Actualizar
"Update Attributes","actualizar atributos"
"Update Tier Price","Actualizar precio de nivel"
"Update assigned product","Actualizar producto asignado"
"Update attribute","actualizar atributo"
"Update attributes","actualizar atributos"
"Update category","Actualizar categoría"
"Update custom option of product","Actualizar opción personalizada de producto"
"Update product","Actualizar producto"
"Update product image","Actualizar imagen de producto"
"Update product link","Actualizar enlace de producto"
"Update product tier prices","Actualizar precios de nivel de producto"
"Update value of custom option","Actualizar valor de opción personalizada"
"Upload new product image","Cargar nueva imagen de producto"
"Use Canonical Link Meta Tag For Categories","Usar Meta etiqueta de enlace canonico para categorías"
"Use Canonical Link Meta Tag For Products","Usar Meta etiqueta de enlace canonico para productos"
"Use Categories Path for Product URLs","Usar ruta de categorías para las URL de productos"
"Use Config Settings","Usar ajustes de configuración"
"Use Default Value","Usar valor predeterminado"
"Use Flat Catalog Category","Usar categoría de catálogo plana"
"Use Flat Catalog Product","Utilice el producto de catálogo plano"
"Use In Layered Navigation","Usar en Capas de navegación"
"Use In Search Results Layered Navigation","Usar en navegación en capas de resultados de búsqueda"
"Use JavaScript Calendar","Usar  calendario de JavaScript"
"Use Static URLs for Media Content in WYSIWYG for Catalog","Usar las URL estáticas para contenido multimedia en WYSIWYG para el catálogo"
"Use To Create Configurable Product","Usar para crear producto configurable"
"Use Tree Like Category Sitemap","Usar mapa de stio de categoría de árbol"
"Use config","Usar configuración"
"Use default","Usar por defecto"
"Use for Promo Rule Conditions","Usar para las condiciones de regla promocional"
"Use four-digit year format.","Usar el formato de año de cuatro dígitos."
"Use in Advanced Search","Usar en Búsqueda avanzada"
"Use in Layered Navigation","Usar en navegación en capas"
"Use in Layered Navigation<br/>(Can be used only with catalog input type 'Dropdown')","Usar en la Navegación en capas <br/> (Se puede usar solo con el tipo de entrada de catálogo 'Desplegable')"
"Use in Quick Search","Usar en Búsqueda rápida"
"Used for Sorting in Product Listing","Usado para clasificación en la lista de productos"
"Used in Product Listing","Usado en lista de productos"
"Value for ""%s"" is invalid.","El valor de ""%s"" no es válido."
"Value for ""%s"" is invalid: %s","El valor de ""%s"" no es válido: %s"
Varchar,Varchar
"View Details","Ver detalles"
"View as","Ver como"
"Virtual Product","Producto virtual"
Visibility,Visibilidad
Visible,Visible
"Visible on Catalog Pages on Front-end","Visible en las páginas de catálogo en Front-end"
"Visible on Product View Page on Front-end","Visible en la página de vista del producto en Front-end"
"WYSIWYG Editor","Editor WYSIWYG"
Watermark,"Marca de agua"
"Watermark Default Size","Tamaño predeterminado de marca de agua"
"Watermark Opacity, Percent","Opacidad de marca de agua, porcentaje"
"Watermark Position","Posición de marca de agua"
"We Also Recommend","Nosotros también recomendamos"
Website,"Sitio web"
"Website Item Must be checked","El elemento de sitio web debe ser revisado"
"Website Store Must be checked","La tienda del sitio web debe ser revisada"
Websites,"Sitios web"
"What's this?","¿Qué es esto?"
"Whether to show ""All"" option in the ""Show X Per Page"" dropdown.","Si se debe mostrar la opción ""Todos"" en el menú desplegable ""Mostrar X por página""."
"Will make search for the query above return results for this search.","Hará que la búsqueda de la consulta anterior arroje resultados para esta búsqueda."
"Wrong BuyRequest instance in options group.","Opción de pedido de compra incorrecta en el grupo de opciones."
"Wrong configuration item instance in options group.","Ejemplo de elemento de configuración erróneo en el grupo de opciones."
"Wrong configuration item option instance in options group.","Opción de opción de elemento de configuración incorrecta en el grupo de opciones."
"Wrong option instance type in options group.","Tipo de instancia de opción incorrecta en el grupo de opciones."
"Wrong option type to get group instance.","Tipo de opción incorrecta para obtener la instancia del grupo."
"Wrong product instance type in options group.","Tipo de instancia de producto incorrecto en el grupo de opciones."
"Wrong product type filter specified","Se ha especificado un filtro de tipo de producto erróneo"
"Wrong product type to extract configurable options.","Tipo de producto incorrecto para extraer opciones configurables."
"Year Range","Rango de año"
Yes,Sí
"You cannot remove system attribute from this set.","No puede eliminar el atributo de sistema de este conjunto."
"You have no items to compare.","No tiene articulos para comparar."
"You may also be interested in the following product(s)","Puede que también le interesen los siguientes productos"
"Zoom In",Acercarse
"Zoom Out",Alejarse
and,y
"and above","y por encima"
categories,categorías
each,cada
"ex. http://domain.com","ex. http://dominio.com"
"leave blank if its not an image","dejar en blanco si no es una imagen"
"per page","por página"
products,productos
px.,pixeles
save,guardar
"select all","seleccionar todo"
"unselect all","deseleccionar todo"
x,x
"My Wishlist","mi lista de deseos"
"My Cart","Mi carrito"
Checkout,Revisar
"Log In","Iniciar sesión"
QuickView,"Vista rápida"
"Latest Post","Última publicación"
"Be the first to review this product","Sé el primero en revisar este producto"
"All lands in play are destroyed","Todas las tierras en juego son destruidas"
"Back to Main Product Info","Volver a la información del producto principal"
"Customer Reviews","Opiniones de los usuarios"
"Write Your Own Review","Escriba su propia opinión"
"You're reviewing","Estás revisando"
Nickname,Apodo
"Summary of Your Review","resumen de tu revisión"
"Submit Review","Enviar opinión"
Images,Imágenes
Edit,Editar
"Unit Price","Precio unitario"
"Estimate Shipping and Tax","Envío e impuesto estimado"
"Discount Codes","Códigos de descuento"
"Grand Total","Gran total"
"Checkout with Multiple Addresses","Pago con múltiples direcciones"
Country,País
State/Province,Estado/Provincia
"Zip/Postal Code","Código postal"
